1	/models/diffusiongemma-26B-A4B-it-NVFP4/.cache/huggingface/.gitignore
191	/models/diffusiongemma-26B-A4B-it-NVFP4/.cache/huggingface/CACHEDIR.TAG
0	/models/diffusiongemma-26B-A4B-it-NVFP4/.cache/huggingface/download/.gitattributes.lock
101	/models/diffusiongemma-26B-A4B-it-NVFP4/.cache/huggingface/download/.gitattributes.metadata
0	/models/diffusiongemma-26B-A4B-it-NVFP4/.cache/huggingface/download/.quant_summary.txt.lock
101	/models/diffusiongemma-26B-A4B-it-NVFP4/.cache/huggingface/download/.quant_summary.txt.metadata
0	/models/diffusiongemma-26B-A4B-it-NVFP4/.cache/huggingface/download/README.md.lock
101	/models/diffusiongemma-26B-A4B-it-NVFP4/.cache/huggingface/download/README.md.metadata
0	/models/diffusiongemma-26B-A4B-it-NVFP4/.cache/huggingface/download/apache_2.0_license.md.lock
101	/models/diffusiongemma-26B-A4B-it-NVFP4/.cache/huggingface/download/apache_2.0_license.md.metadata
0	/models/diffusiongemma-26B-A4B-it-NVFP4/.cache/huggingface/download/chat_template.jinja.lock
101	/models/diffusiongemma-26B-A4B-it-NVFP4/.cache/huggingface/download/chat_template.jinja.metadata
0	/models/diffusiongemma-26B-A4B-it-NVFP4/.cache/huggingface/download/config.json.lock
101	/models/diffusiongemma-26B-A4B-it-NVFP4/.cache/huggingface/download/config.json.metadata
0	/models/diffusiongemma-26B-A4B-it-NVFP4/.cache/huggingface/download/generation_config.json.lock
101	/models/diffusiongemma-26B-A4B-it-NVFP4/.cache/huggingface/download/generation_config.json.metadata
0	/models/diffusiongemma-26B-A4B-it-NVFP4/.cache/huggingface/download/hf_quant_config.json.lock
100	/models/diffusiongemma-26B-A4B-it-NVFP4/.cache/huggingface/download/hf_quant_config.json.metadata
0	/models/diffusiongemma-26B-A4B-it-NVFP4/.cache/huggingface/download/model-00001-of-00002.safetensors.lock
125	/models/diffusiongemma-26B-A4B-it-NVFP4/.cache/huggingface/download/model-00001-of-00002.safetensors.metadata
0	/models/diffusiongemma-26B-A4B-it-NVFP4/.cache/huggingface/download/model-00002-of-00002.safetensors.lock
125	/models/diffusiongemma-26B-A4B-it-NVFP4/.cache/huggingface/download/model-00002-of-00002.safetensors.metadata
0	/models/diffusiongemma-26B-A4B-it-NVFP4/.cache/huggingface/download/model.safetensors.index.json.lock
100	/models/diffusiongemma-26B-A4B-it-NVFP4/.cache/huggingface/download/model.safetensors.index.json.metadata
0	/models/diffusiongemma-26B-A4B-it-NVFP4/.cache/huggingface/download/processor_config.json.lock
101	/models/diffusiongemma-26B-A4B-it-NVFP4/.cache/huggingface/download/processor_config.json.metadata
0	/models/diffusiongemma-26B-A4B-it-NVFP4/.cache/huggingface/download/tokenizer.json.lock
125	/models/diffusiongemma-26B-A4B-it-NVFP4/.cache/huggingface/download/tokenizer.json.metadata
0	/models/diffusiongemma-26B-A4B-it-NVFP4/.cache/huggingface/download/tokenizer_config.json.lock
101	/models/diffusiongemma-26B-A4B-it-NVFP4/.cache/huggingface/download/tokenizer_config.json.metadata
2146	/models/diffusiongemma-26B-A4B-it-NVFP4/.cache/huggingface/trees/ec4ff3df205028f4e81c954c2227f9312b3ec2ea.json
1570	/models/diffusiongemma-26B-A4B-it-NVFP4/.gitattributes
3700121	/models/diffusiongemma-26B-A4B-it-NVFP4/.quant_summary.txt
9993	/models/diffusiongemma-26B-A4B-it-NVFP4/README.md
11433	/models/diffusiongemma-26B-A4B-it-NVFP4/apache_2.0_license.md
17336	/models/diffusiongemma-26B-A4B-it-NVFP4/chat_template.jinja
5185	/models/diffusiongemma-26B-A4B-it-NVFP4/config.json
357	/models/diffusiongemma-26B-A4B-it-NVFP4/generation_config.json
463	/models/diffusiongemma-26B-A4B-it-NVFP4/hf_quant_config.json
10002097536	/models/diffusiongemma-26B-A4B-it-NVFP4/model-00001-of-00002.safetensors
8821758352	/models/diffusiongemma-26B-A4B-it-NVFP4/model-00002-of-00002.safetensors
4656360	/models/diffusiongemma-26B-A4B-it-NVFP4/model.safetensors.index.json
1689	/models/diffusiongemma-26B-A4B-it-NVFP4/processor_config.json
32169626	/models/diffusiongemma-26B-A4B-it-NVFP4/tokenizer.json
2741	/models/diffusiongemma-26B-A4B-it-NVFP4/tokenizer_config.json
